0,1,2,3,4,5,6,7,8,9,genus
0,12.13049651031847,8.739451734016736,9.627287842805169,10.635107911076927,10.417779921053414,9.888554155228075,8.248675666098213,8.45915791195012,12.592714774448389,12.87938625071301,T1
1,12.198450896043289,7.193165983824095,10.78323883677449,10.854980493806082,11.924431684358327,11.641720688976925,6.537642729847087,6.946538156687273,13.190166322447533,15.325222593900424,T1
2,10.330147146558184,8.737095945698368,9.816232569529925,10.001128622166878,9.603787820924454,8.39862285203197,9.589250290228506,8.490888812669539,10.440274330067904,12.244622591967543,T1
3,10.18232556196519,9.778883311184305,8.991659499907337,9.773592388339697,8.68361025768021,7.159923655582544,10.806068211287458,9.409834069785468,9.834781090153896,10.429038145595442,T1
4,10.782352669728976,11.117367308516917,6.932077228453778,9.868238811071874,9.231158049377388,8.682541137917955,11.154575899329929,10.034958644826114,10.540250251511392,8.302464298260546,T1
5,10.778930676230019,10.555087023511755,8.89209840176048,10.034712210261352,7.785322970977861,6.706091224279385,10.975265120485965,10.363047377052183,10.450616699599411,10.021906532629295,T1
6,11.220235207074571,10.515722258962576,6.94207731320919,10.17216021934936,10.468658187063669,10.397669553348933,10.187866303028533,9.37255606154321,11.463811775076254,9.16817164680273,T1
7,11.83731159430826,8.581450797883853,10.396893077618536,10.626255601524282,9.861202307594203,9.328703392121435,8.148582675665718,8.503919099890684,12.30619585245443,13.566427277574201,T1
8,12.859550746527487,11.454638287313601,7.473705954428857,10.684920289214858,8.931220123013349,9.076241807475023,9.932847951865739,10.734422837788525,12.845689201371588,9.184511144187466,T1
9,12.671563500294345,6.403852466750062,12.117314503977518,11.325160544876269,11.826725262796874,11.97777324777553,5.401111819636426,6.728767479404738,14.216122463669075,17.477111398504547,T1
10,10.109307960745992,8.2911744495447,10.491169071192987,9.95728811969653,9.944751428963382,8.789962647522335,9.120237703493236,8.005442627792053,10.162283884957702,13.016989091428135,T1
11,13.015749618609128,9.921718557583283,7.385899308990155,10.89500479624446,10.56472013685391,10.819746849540058,8.707176841960328,9.313447655751729,13.940428035747619,11.034791119076631,T1
12,11.994138276427195,7.711140791338062,11.915568876480378,10.801626132993357,9.59545652614311,8.646616544066063,7.485356696276888,8.16948193715341,12.499822418008483,15.288812821957816,T1
13,13.765255384465918,10.551633244416465,7.640751374023949,11.11540294370889,10.280278618242443,10.989648249134897,8.323697990109244,9.799248594520678,14.431316537313508,10.84152677515013,T1
14,13.527560908647834,8.39214897854542,9.94580038766296,11.464463764482293,11.54470339329466,12.55105889948546,6.294852079267687,8.138121268065234,14.923074083160232,14.585877935422364,T1
15,11.70659018872026,10.323680401279047,7.463107985166006,10.077750313565117,9.370113455817094,8.156470996627839,10.445496443508,9.632579950264889,11.521751426616687,9.507049694846756,T1
16,9.149705151993631,10.379535876138426,10.30307110876426,9.426656856762055,6.764733541521144,4.92119916406148,11.80266350115884,10.287678832610066,8.045332048990264,10.161465440280564,T1
17,11.402441389522153,8.65623029737221,9.056593969542115,10.279568222792475,10.342576773009007,9.313301314254772,8.938209269586737,8.276069024705059,11.829123146824681,12.320866858440704,T1
18,13.499945859163814,10.353809143102106,6.98188086288442,11.133339035141244,11.43163264367938,12.627794013527833,8.132019615970481,9.303009133063233,14.533031134835188,10.657692055601826,T1
19,12.599414251049877,10.752434008110425,9.042436570788162,10.711111127967685,8.468241101701043,8.244670936004672,9.483991416526178,10.442216115556674,12.50512186871789,10.687106758435533,T1
0,12.460199079839093,6.918578815872362,9.865833139505817,11.050290549386672,12.688655310811855,12.998134746422144,6.085245454596402,6.592004885208592,14.218243494357655,15.67207955442412,T2
1,12.84454496189442,11.45996077273357,6.545939442880471,10.642642435506062,9.450673444389935,9.812393869575413,9.890778459656596,10.471094135105284,13.164190559689708,8.88154640083686,T2
2,10.268501348940166,4.488031464554619,11.222716750918044,10.374825280788345,14.343407833946314,13.554250574200264,5.40812149058933,4.000418024250445,12.225672531216492,17.95427870527256,T2
3,11.947588763660152,11.94391868898719,6.705971933916753,10.142637126766463,8.301540326397367,7.7474651884877055,11.36999396628264,11.084322954344596,11.442647719499499,7.633147675973891,T2
4,10.941613715811892,7.2393978248694815,10.248050343451528,10.345457747541435,11.27275615704467,10.300178987009284,7.965991322596969,7.129755870451577,11.769821730775138,14.39849248268307,T2
5,11.238543475657774,9.04470252843731,8.601412873390801,10.22805849036472,10.37981257604451,9.626652552120083,9.212717323920844,8.473713440950451,11.65616849219482,11.677407695794384,T2
6,12.75081176857428,9.018272575498724,9.098557025345738,10.883575577303848,10.612419668534798,10.63966574106969,8.002098283997139,8.707974183412322,13.48510199486234,12.7531460345494,T2
7,12.522525778948456,10.16996923092965,7.638959143402436,10.687378600547017,9.986568022838778,10.04036503995647,9.217378728278106,9.57289836103118,13.127738920545895,10.67453285528344,T2
8,11.290061999952083,6.982506845960767,10.006682943443927,10.495179156698237,12.374594373787344,11.805866141543822,7.057985715296426,6.461891507926168,12.422973669291556,14.785746735631488,T2
9,12.663643625703298,11.487698278592687,6.9453245466781155,10.552903128666612,8.921069405817466,8.927486314271446,10.290322960598665,10.731002001942409,12.703852954141151,8.808455926188227,T2
10,12.382314121355094,12.048504792671757,6.550944987455616,10.312930534472553,8.328267798271112,8.034735849561098,11.181043381918302,11.248702974683567,12.013291597438608,7.702696408065799,T2
11,10.997718957816684,7.684666856246249,9.355769532783969,10.316503596383741,11.412126334489741,10.498782599062684,8.315126057898883,7.329820044650063,11.881007238772579,13.422218112884066,T2
12,11.642874599491497,11.476317368557027,6.828656355608388,10.06142796333426,8.80464062351325,8.170167260271574,11.081092629568762,10.512973912943107,11.272774979849167,8.100529505740225,T2
13,13.468397629369559,10.851783249201821,7.260380135903962,11.01510944685389,9.69873545216079,10.268543619470867,9.111364106798641,10.293155366957881,14.110690757193602,10.210011391128976,T2
14,11.079802030934083,7.988577722930753,9.48092203592519,10.280619758167559,11.32750894074682,10.474992376854205,8.282067875519651,7.447830072655888,11.692526194831387,13.135257539541755,T2
15,11.238024108270219,8.770009987780028,8.662825516438318,10.264311684961559,10.660596374122603,9.99385823445345,8.952728469291142,8.213676724972093,11.815617939966344,12.079365849915245,T2
16,11.622149406035339,8.587439792338195,8.580898749162811,10.45154519455666,11.398557992680733,11.062784194755059,8.21117920555825,7.7988540325786895,12.46709194453801,12.467842520985695,T2
17,12.728572000053038,11.434144952683603,7.3020004146828486,10.62396055699492,8.572479959035393,8.463679584096349,10.435174014759054,10.97768631648273,12.712844562863879,8.993396560797542,T2
18,11.53996736601524,9.85573081114771,8.021344377973847,10.229692571130885,10.013675056469385,9.53545854530545,9.546063695771023,9.067236470893082,11.754020804655024,10.678356758473305,T2
19,11.63632689359901,6.940652371432359,9.944576572456734,10.701283780264017,12.107859090182396,11.590896851498188,7.148400454319345,6.795986587784659,13.002471620990235,14.967544776367806,T2
0,9.613671094199175,9.520818020373225,8.964014983308077,9.384107585484903,8.90552228178314,6.827420268325948,11.221185805014267,9.022648366288971,8.852742617396041,10.146448137384198,T3
1,9.935914760362524,9.144039152964345,9.635364444539597,9.611660433848613,8.80110944806109,7.003320998134523,10.423146458043222,8.818960692195883,9.49163860761718,11.400177969273045,T3
2,10.986928098132685,6.945336893520558,10.742589004725717,10.370061716240796,11.494308432144416,10.491383424321086,7.563028936841755,6.827720327228475,11.761033854862031,14.954971010873605,T3
3,10.916353965570787,9.104177758933657,8.71428285785746,10.076162316330535,10.112522984442165,9.118022225372007,9.50348337081878,8.518467216106295,11.151856410541896,11.479726801269909,T3
4,12.062476449000759,8.364309846099786,9.929006659118075,10.738569112308953,10.475805282366421,10.364757756532189,7.7357198142843435,8.192065671047779,12.925972315276294,13.883059288050408,T3
5,12.28031007717194,11.140233678316116,8.36987646766172,10.387940156642866,8.351196607693101,8.00051323747346,10.034210963412328,10.51766214079784,11.892462497791614,9.786244857335408,T3
6,11.259699144450096,7.561992601717767,8.841805491980704,10.416416136899167,12.363425361052546,11.826737170734813,7.839231512661009,6.912439387171746,12.391644310324743,13.416976418520271,T3
7,11.509592239536097,12.36694990479007,6.934856807816682,9.867533544245914,7.495789832685552,6.492611865297858,12.063348754553052,11.47790566174957,10.47439494102731,6.9551124740580095,T3
8,11.72601849590874,9.191159216452036,8.822013482238509,10.401004239761146,10.384747784123253,9.842956964706772,8.790044774219133,8.564821568133915,12.115660014233054,11.867776065960388,T3
9,11.034465040946682,7.170849404084379,9.89043948312988,10.36096251149786,12.03158837048258,11.342703981849343,7.491914866338328,6.676140262705517,12.022266669494446,14.409508145090346,T3
10,10.077671332999632,7.147140432581427,10.669962797010998,9.957631512891759,10.73998171051003,9.258924045587639,8.567386790321297,7.080514209850634,10.509249160647459,14.291722871195546,T3
11,11.332529708587128,8.205036710006377,10.314953438706919,10.358279479426404,10.283900599877255,9.424286035909567,8.34506343192571,8.030640255969026,11.660583148278217,13.551678703296927,T3
12,10.50961425159995,8.435320173993311,9.59468834515551,9.947217064180956,10.18434103252679,8.764078426940616,9.320226555110624,8.031521231404525,10.60338125258268,12.355942914147008,T3
13,10.791832345191784,8.4090639474535,9.711799638467129,10.084330239313747,10.231265046783975,9.112702934908812,9.059215032423834,8.094219709311249,10.98075355523163,12.678960945065358,T3
14,11.09901964999902,9.176962195695,8.188021804677973,10.078152387574795,10.720279133088928,9.83709065518321,9.361892473334848,8.306486487843918,11.36490227830537,11.10073862692729,T3
15,11.534095564281735,9.222555095694918,8.03275235209834,10.26394318914899,10.891655029529504,10.272586213573376,9.205703643810004,8.452054691798656,11.924839372006812,11.143161813485094,T3
16,10.496826160057873,8.598473222057548,9.665227040810286,9.94826283327299,9.81337197746415,8.491818412639418,9.45988140307077,8.284338057548888,10.55494290302816,12.329436070813196,T3
17,9.21222584920704,7.787503585802369,10.215542456739799,9.46857943861058,10.028812241142608,7.9735341450708885,9.8160561458648,7.492287867225364,9.06411242741088,12.781806020702597,T3
18,11.156139483062868,8.249106932239114,8.90707760065403,10.296539151878326,11.292663670247101,10.762476774603082,8.369946436541166,7.607602395919464,11.95358683852527,12.833209622589397,T3
19,9.837907070328917,9.799464128330609,7.859110575598739,9.470586282299536,9.424265842170607,7.838509374369498,11.071191693820502,8.952207939050341,9.505109303666895,9.6348773626727,T3
0,7.380051407857156,9.591054323260629,8.374209497053679,8.723778413688136,9.424232150768873,7.406695114971541,12.281803490417623,8.503270144325263,6.5984772888033,9.00155034064101,T4
1,10.090187565544287,8.05326161199758,10.066727489413674,10.101883061500276,10.859236181605823,9.937217558972092,8.916228777996919,7.6636252809970395,10.532746239374013,12.973250189948482,T4
2,10.444563665178348,10.478698400193668,10.37290768339148,10.245118520210596,8.811612021638586,8.180352006564478,10.31460049146501,10.041790507842268,9.71723391991572,10.152849735325612,T4
3,9.661506688014034,10.985806572499234,7.9613897975114085,9.248008521822157,9.251674405665941,6.718200022939555,12.399642733021942,9.795029201794055,7.96802744261489,6.9153354459645975,T4
4,8.711009019604514,9.541844840219746,8.538136120525769,9.149276719354063,9.417089689866337,7.886127337583776,11.248419089127243,8.588395765853322,8.202887310853288,10.015324388421849,T4
5,8.59745484529664,9.128874310506067,8.104685688923244,8.831231677367244,10.6050980714561,7.425274331535368,11.807615522711309,7.884220092293165,7.410972565488565,8.725155153540058,T4
6,11.827542834730847,10.235814638007083,10.689171373568904,10.508272205811815,9.311487608262546,8.224520080094496,9.348085839332768,9.707831690224221,10.88318469863699,10.752759458719623,T4
7,10.115798165965046,9.056325821975411,9.519917263770724,9.741893275366966,11.082295500791544,8.467139206207776,10.348683998246436,8.126589707583998,9.149334462157034,9.86355803141169,T4
8,8.877324413124947,9.407160719577105,9.133290395625242,9.489763188360554,10.068773652976299,8.381116347863175,11.11827758466998,8.630366428316316,8.31998455852194,9.764419259144423,T4
9,7.893355540035271,9.138916435300672,7.337659117722049,8.757904749250555,9.980388780272547,7.893394696362911,11.984827728581196,8.045589374153549,7.62379264321997,9.368618523677702,T4
10,11.516246452278843,9.595569733692763,10.017180360058875,10.574637470465952,9.710294030464404,9.361338217992387,9.077222141062851,9.2915955035198,11.521107221806574,11.722896001467559,T4
11,7.73262066704222,11.460671718877963,8.196598214246615,8.65167783032358,8.137750925440828,5.929077997351191,13.580429915771663,10.16268263211769,5.757922171326761,6.3142657284817725,T4
12,9.600453759712348,7.779619945952936,10.961251073233349,10.141826700107746,11.349483245939753,10.239172705354184,8.836940035744671,7.395851617698738,9.852380821732012,13.07304360696554,T4
13,10.475991336858034,8.555150813860767,8.726308418537025,9.784967534610814,10.982399212517972,8.961627978005499,9.767611537573835,7.780467798836247,10.353099230251775,11.167326373014912,T4
14,10.206726430719158,10.029471026177454,9.217958226840835,9.721929993283993,9.065737666256865,7.715223801282055,10.533027901095956,9.25785610107943,9.523648560844602,10.183663625935981,T4
15,7.918668697527842,9.75711748274872,7.837854314354221,8.696488541890544,9.822763145902593,7.111483248123913,12.505447231100831,8.492740329871058,6.77999597859878,8.077370210331322,T4
16,8.941300089597728,9.276226257279031,8.057908479581679,8.975637028479367,11.018665849291752,7.507617109574976,11.838500004483029,7.943497180455584,7.600503764621564,8.151679864286422,T4
17,8.48365820107268,9.699451332037157,8.550155727976717,9.379851373891183,9.481848224175511,8.479726189994956,11.450202846066563,8.962266449640087,8.269000564850403,9.742815828656408,T4
18,9.235680685023551,10.280260950780656,8.633039580029271,9.545516426946387,8.965229630626224,7.942553956824469,11.42068529020835,9.548191467916014,8.713842808109964,9.307307791039332,T4
19,11.468972998176486,9.226692773372115,9.396223533909804,10.230660059242418,10.162605946460998,8.714798246495723,9.356810329650566,8.686390284366365,11.209796080910964,11.291680522941329,T4
0,10.596281430300662,9.927300176447552,10.08615696069191,10.485267347694357,9.228781125386464,9.37002873391805,9.75447790035091,9.755562010479666,10.682388639371169,11.272855820279169,T5
1,9.450038244411367,8.034872658094411,9.83849149823003,9.764830234595092,11.38591220026246,9.504756032412002,9.755128143442505,7.436727028907146,9.321831893535926,11.68985264017557,T5
2,6.601982356624651,9.126805463196378,7.363510829874833,8.004246197790536,9.859847604907388,6.7421158119069,13.027288486824702,7.685395243325431,5.469307339935448,8.365697257582394,T5
3,9.37248885038363,9.437846735675071,9.425859142790982,9.291161158671448,10.02502569765628,7.620965140167685,10.814374090790961,8.333413632534844,8.1823179436376,9.79925981663428,T5
4,10.704908084492711,9.7207767359208,10.02357162568194,9.94039870198034,9.108447489716113,8.042335550386904,9.717846367424592,9.098204374778907,10.049313907354767,11.249521352531309,T5
5,11.04983639185091,8.278196324749697,10.848893139649979,10.632103679573541,11.090782017827582,10.310983919204288,8.394969429598405,8.077779409846997,11.344570332060378,12.99049677287832,T5
6,7.81693495086545,8.536969453898811,8.310663266958338,8.751413515002822,10.772821706196336,8.007466119369871,11.6094875446634,7.405657678066658,7.155944944012733,9.74815436761881,T5
7,7.857321005701661,9.990689519581975,7.710359078080388,8.92480605381074,9.365104876841869,7.699125931556463,12.465763162449036,8.993747970620884,7.264346541752657,8.43876136588591,T5
8,7.646865035193692,8.420018628250295,9.096379615537831,8.861027388286566,11.001123264509822,8.355015021709791,11.370166059552606,7.32805307045213,6.870928076081908,10.02621299242097,T5
9,10.132405469803732,9.851382870262672,9.063653528781462,10.230098652936737,9.812964707880361,9.323159358545114,10.447436112599423,9.456049514459966,10.242458182968985,10.243196330217385,T5
10,11.963323729053641,8.40850744168017,9.95490433176994,10.491549766900036,10.72259233990628,9.465260071996198,8.246969101049858,8.029026681357951,12.149436535084563,12.910536926008978,T5
11,11.372742576120862,8.963857458607478,9.445635659979063,10.709724872633261,10.249769027850588,10.200876399334213,8.886072020250333,8.88901408949693,12.213414363054557,12.440126132967764,T5
12,12.308074164362841,10.356423336466221,10.559346576025566,11.3140883064976,8.940715382382365,10.04976937573565,8.633999229953746,10.501945744773746,12.812052944963694,12.044077370287154,T5
13,9.202744548072236,10.128730175373933,8.129631980123406,9.408589709645701,9.604028215393091,7.914270108108389,11.65638867199016,9.177949307710989,8.542667398298645,8.698896034589822,T5
14,12.538988843627536,8.268009310302087,10.537324886930543,11.194408652355444,11.198779698355587,10.812552925708541,7.5696939484368375,8.325947441916833,13.344553097231461,13.590203165357721,T5
15,10.049795512131874,9.970938441053757,8.17374657901908,9.695694102318205,9.307482193768289,8.134702636503784,10.909524336086195,9.263311293657516,9.804197213987123,9.782197708491873,T5
16,10.009197379141545,8.330868284017967,10.399989089445953,9.890310469195303,10.72998314615276,9.131371310048252,9.323142655534287,7.774294807039586,9.700099996728378,12.179844610402311,T5
17,12.761685941349455,9.406829218645946,10.515151820027546,11.79403570213729,10.347072048933544,11.612893828688442,7.845957381525871,9.847278134043597,14.06610724531748,12.987215844234674,T5
18,9.030923157442858,9.037572520551944,9.801583898673822,9.407839159801194,10.10631332891839,8.258307115005454,10.561252928150644,8.204609758752007,8.25822027950881,10.657945693517313,T5
19,9.93013072069011,10.601171776779067,9.301542287011758,10.114479644117571,9.24983020578525,8.730092428391213,10.9248050991304,10.01108985779167,9.480505712855233,9.268176433434746,T5
0,11.682092696160902,9.704766894103637,7.290395557139705,9.73891485069187,9.216222469079534,7.122146122247443,10.585741162008643,9.086324988663923,11.391621843631913,10.229544894537666,T6
1,14.0592955712161,7.759513642639634,8.898214023158204,11.02759140447989,11.164287933283049,9.90555745982996,6.9760959232633075,7.6995002772779175,15.080149294335914,14.063785226018327,T6
2,11.138368742599534,9.754979916523933,11.120044005164171,10.399524730793754,9.590583729560345,8.765234615298883,9.16430815849565,9.19136937742352,10.451665415331899,11.771840157771488,T6
3,11.059444944154565,6.394022174056758,7.652474763260363,9.955521022360108,12.843528250844468,11.25070663844377,8.118434261025438,5.805809703010696,12.703459415576129,14.551191726292192,T6
4,8.84107306939132,6.878525400933385,7.068854458418038,9.244237472633596,12.076324710041646,9.998184177228945,10.297352021988539,6.352319925933798,9.978734176717385,12.215875474573457,T6
5,7.574492167244035,8.508624856732702,9.988507120744888,9.200739594969777,11.043404712046582,9.3534658013439,10.908036109690714,7.568261310227845,7.0979873378590295,10.845820868182296,T6
6,9.16865865534979,8.55774046901071,9.020484368590257,9.877809474753258,11.6173705295076,11.176105076843138,9.67700339856156,7.6812847378660045,9.667943696675874,11.505083424717723,T6
7,11.364943574798922,6.691484791456068,9.184399263707206,10.545658693602038,13.048984396139215,12.632549410324025,7.18825144768429,6.205240912697992,13.035319814824359,15.130340658593866,T6
8,7.578989526162477,6.881163487605543,7.1015899566137,9.469078113790712,13.579494278778695,13.117200517073032,10.072049539692916,6.045042588927088,9.400262210850293,11.962912727237494,T6
9,9.559275080213189,8.900577623806136,7.324492844407454,9.306403879349846,11.021673374276892,9.256668590486234,10.66716869512831,7.738749961102732,9.589531875523768,10.265938996677374,T6
10,11.285772042582192,9.647464146820955,8.205088548770282,10.170763293230435,10.105512057585463,9.764715502242206,9.570919357954182,8.903173639469227,11.57789619520248,11.229768776650737,T6
11,11.996854393546567,12.3695697313195,6.885248656220073,9.226658933107661,6.744232100726569,3.964053840203211,12.40181535849005,11.095646660247914,9.906825743023829,7.027716462398593,T6
12,8.398753763212126,4.2907120491795,8.86807610972977,9.67898543258233,14.591054408467208,12.775411496832604,8.179819017072587,4.150282747768762,10.64447326344503,15.72606694411523,T6
13,7.1153239549561995,8.17215384963113,9.287639365794197,9.018000166215879,11.184437953869176,9.677342604472344,11.056037112312701,7.266966930683104,7.00763416462438,10.9124012357093,T6
14,10.38864596872117,10.780962385321265,8.047981244887719,9.858555177019802,9.305613612788306,8.510134145450312,11.051529812051589,9.888867829774428,9.788667875312228,8.520398953157505,T6
15,9.586305403407552,6.9438391250932385,8.485385915989475,9.861358474119166,12.84565703345896,11.987183006412415,8.662022040587466,6.205473384945922,10.89429192941129,13.445697608728654,T6
16,9.372142145712976,7.178624817009714,9.98999110118167,9.938717032375454,12.294818637616311,11.51991099204772,8.541510196923227,6.547766872049564,10.163124906210298,13.710726790061074,T6
17,10.145725846641508,8.446855902026666,7.729780022297588,9.835486068409196,11.28821685623363,10.54335819875972,9.688644879713646,7.693188059189275,10.945715614835281,11.764463611205741,T6
18,6.646600564500817,7.299015374703328,10.827735669523197,9.511331624483327,12.224133963214657,11.92461279155345,9.79630354053934,6.697130192569418,7.189939118976392,12.559094509310627,T6
19,11.466734444127614,14.138157568682391,5.335619857539239,9.02216014995745,5.603386742600409,3.643541517748756,14.115770665339262,12.623947514940227,9.198733138708608,4.587316263922962,T6
0,11.035090137551316,9.154259808624424,6.9150016726958725,9.760933564024318,10.61506182259535,9.308565412046628,9.859861732595785,8.135241944005509,11.365485585946695,10.533193432563184,T7
1,13.236522680040363,9.305869393925459,8.687317923604455,10.783117524445558,9.427537480070713,8.600980684742558,8.698266427614763,9.47075755008115,13.464438985246659,11.442398722156192,T7
2,13.180754093507288,9.326051753298575,5.858812067808195,10.32631265198533,9.844017762385265,8.610849539705928,9.383933727712176,8.786702471047711,14.29524635419098,11.499050190764127,T7
3,10.978915746473607,8.863087451255227,9.544436519620392,10.205529038042277,10.414221456466676,9.467453129375897,9.195927180242077,8.578573766207514,10.720881688596052,10.944237018917413,T7
4,12.287018768586112,9.132400233193096,11.49153482041304,10.955427905334801,9.920638459957813,9.558406447926629,8.051535849509118,9.498701574603874,11.443151006539136,10.800574561609722,T7
5,10.324036115997648,8.861189780546693,7.137145582506586,9.869484550345673,12.074557571546388,11.220393323521337,9.417167940005772,7.428507107594517,10.83316775778778,10.279744509997936,T7
6,11.92804026762595,9.300978130062497,8.188874430279002,10.234092757878738,9.887110312322614,8.800384317030815,9.382749469646866,8.914734137620574,11.985396261257884,10.835324539325955,T7
7,13.656312958302651,9.203140233213897,7.484646981724414,10.821584012117683,10.026599232771185,9.273400537642905,8.472598372030246,9.062069762713499,14.427418656122253,11.604982679558711,T7
8,13.172514071456087,9.382615406844312,6.679383295112193,10.519749786117549,10.416066934855865,9.595076950720053,8.753360371121282,8.721435449819158,13.890959835607035,10.896952350026137,T7
9,12.605038300954345,9.323217859492306,7.061108930968687,10.313266154235869,9.65341030627568,8.464360571802587,9.479100023711572,8.981358899485768,13.257695775882528,11.327669332320166,T7
10,13.035107515432788,9.1277037582211,8.923952920021176,10.696532920536393,9.436413801962477,8.537240981977286,8.667830004365875,9.341933193581124,13.15920843269388,11.542571102990049,T7
11,13.140412000550652,9.42231185643778,7.539164256849066,10.57516224078107,9.92473907409621,9.076837926840662,8.777625519793343,9.06881346282647,13.534002951001131,10.942713320142616,T7
12,12.828640297991662,8.879278413181385,9.42204319290139,10.674360987471195,9.331026617367783,8.334744165250171,8.7056497018823,9.310005369050382,12.910138782431233,11.963835220110726,T7
13,11.883030008200615,9.119217145830952,5.409880227428337,9.785861995175168,10.381329691610967,8.867458385919132,9.976419901592696,8.109037680172657,12.924724405606153,11.197252360967564,T7
14,11.194882630627605,8.942942674380628,8.988230204130486,10.188195666701047,10.615540052914408,9.688351884478942,9.104788942092316,8.453827576167638,11.03860077364701,10.753531446059329,T7
15,10.984897485021218,8.52830878890537,10.427020401426473,10.466136162504382,11.392600503372655,10.89325283375789,8.276484776483201,8.179425022305963,10.565278266302597,10.852679754614247,T7
16,12.250163375673264,9.003666622794123,8.147686534922055,10.297400321055433,9.781765174954534,8.614037793105327,9.212714351095501,8.847009305544338,12.531353817879332,11.47753741645773,T7
17,12.837927032486009,9.202976643574114,6.824317769653467,10.314462673915983,9.50711737522289,8.197224755813268,9.478705337197878,8.961407022200024,13.659327819423314,11.68570070056353,T7
18,9.144791340824549,8.581818738041223,9.304840874264698,9.556055305132386,10.974817275399587,9.666406044029785,10.071127197867323,7.823568427883559,8.791848785388675,10.68836081670966,T7
19,13.23145402916105,9.013615352017167,7.418042187344896,10.505911728357988,9.49402395187186,8.30308985128743,9.013848222547322,9.027412297655028,13.964543362937588,12.000745220583013,T7
0,10.787922617431132,8.540645629745049,12.97246116425816,10.798686480162068,9.968382093339269,9.450469656996132,8.582952767983814,9.29689188888036,9.866432647251285,11.60125633736592,T8
1,12.167680228134518,9.226024965558022,8.071962005963359,10.399826993964938,9.893394501115804,8.882877873705528,9.35338986091515,8.992104929253372,12.545857295459875,11.24497001541372,T8
2,11.103876288616686,8.794233451690044,10.274645505352122,10.46945154483956,10.368838806831597,9.614370569407777,9.039785270251846,8.823910645325277,10.882023502721323,11.302501697470548,T8
3,11.094541755176468,9.190961170888523,7.297541040401983,10.004000158541235,10.552400555882478,9.428853999363934,9.96031666002931,8.426799321897501,11.64268492223215,10.944177863064438,T8
4,11.071850408568586,8.944567502622284,7.377832490586406,9.92415087838506,10.66526909788007,9.435279820172086,9.783219512252236,8.194557242986045,11.54199615881546,11.062026406687746,T8
5,13.118506104871198,9.164803548454861,9.601863025646598,10.848311157609464,9.042605552315461,8.165195750935217,8.63203937211404,9.668980998878585,13.118097216047573,11.674734331116206,T8
6,11.482720641785182,9.743358149817729,6.962703659793382,10.025758049108582,10.22561273589651,9.15647062121254,9.964930673085357,8.771842354660848,11.790381673617063,10.14709525691163,T8
7,11.521487600373165,10.08446965574117,7.014937338726733,10.181114765718773,10.721500719451022,10.04845310474609,9.71222984094877,8.81775698244991,11.69883396680041,9.435783474962836,T8
8,12.497731636668165,9.632160734653937,5.23290520410293,10.098150139158278,10.26216810223647,9.07585788700467,9.917287107786919,8.622611796030178,13.633534017452781,10.84993458457006,T8
9,11.755188218618567,9.196059409663626,8.040675101315378,10.283186841071545,10.21854257197778,9.228697178133604,9.442629434043194,8.772177844389264,12.078016033324008,11.044864844199934,T8
10,10.74496094749506,8.295721793511198,11.705209801557176,10.492109448532045,9.990184509643445,9.070102011454715,9.004116086382794,8.90802337990714,10.26468232628707,12.066471833755607,T8
11,12.621353225926839,9.439685155861643,7.002480620440204,10.354098923544882,9.864661001694936,8.79510807295189,9.355936690294339,8.946878739112714,13.225685658545707,11.003210537580712,T8
12,12.458230320896917,9.442757735577633,4.595700762723265,9.872373314488755,10.308427018807352,8.850710712887052,9.99248136743819,8.289658019178063,13.69477642042432,10.940653628644512,T8
13,12.036381988980468,9.513226833223976,6.589190716664872,10.123913695541228,10.305475740044715,9.215690977666851,9.670046764313382,8.652371052638538,12.618034322370463,10.61078124853098,T8
14,11.975269429050039,9.836310904753235,8.928862200638935,10.522593114724605,10.146871376867846,9.591039849706412,9.029116243573624,9.272059646811737,11.628098269442402,9.860958414623564,T8
15,12.146339303502652,9.071144293035676,7.607559640180859,10.22391638058965,9.628249488510924,8.3280713428698,9.603111212053172,8.87878981881564,12.697097131932834,11.619911199559949,T8
16,11.77200350837655,9.936171979845424,6.951981876306297,10.159422827694709,10.387079235933625,9.533617516360748,9.728702392861113,8.870732977918767,12.021832558241035,9.848579184392984,T8
17,10.65193043951971,8.757950011961862,6.272141865752806,9.712861682681734,10.957516816852502,9.533328422816702,10.339161420588198,7.814606604188535,11.728689914701969,11.518853983182021,T8
18,12.109346770093971,8.6769074041926,8.616666702196248,10.448172653417558,9.918635268448847,8.8033324836532,9.268062454317766,8.852515093631801,12.633796804130558,12.169622400030121,T8
19,11.743766084370316,8.701714152592858,10.135428173636598,10.563421895121834,9.903355192212628,9.00365914592997,8.912204042742088,9.016524863770965,11.647280127824523,11.754290187683306,T8
0,9.234014213381139,9.380745051563096,10.524584971136731,9.956034328467128,11.131796681112391,10.758376672901226,9.495933381804946,8.462699016766006,8.229382345281838,9.333980497833036,T9
1,10.56959420087915,9.6520703789707,8.986613421793336,10.124242707686838,10.801243950221238,10.270008980117495,9.426800487460222,8.696109732108681,10.08731188459283,9.467873337403754,T9
2,11.459424275682133,9.557037779307658,8.734815242291855,10.293708811238854,10.207767165855305,9.420059418121102,9.350009983556744,8.9861868070973,11.227410825137074,10.127280215860862,T9
3,10.287693616621912,9.386660114600334,8.840298209387667,9.979794316159756,10.459895792988538,9.471146198328075,9.990336283826789,8.674439262026828,10.032484715926477,10.093549169351125,T9
4,11.991720623161385,9.587429453989373,7.783771260002493,10.239613374531567,9.945374523780092,8.998151336772422,9.403030235418324,8.9721774532131,12.085322775678991,10.423246659248493,T9
5,10.565505442403047,9.506270539872657,8.223437537498317,10.066442107113879,10.891372356645412,10.250560130115515,9.721466541161238,8.548294671422786,10.550508492465717,9.909690166071208,T9
6,11.494030865443671,9.59589428530199,6.472443382614188,9.892013321216654,10.009648582067966,8.73635775628637,10.187262644560183,8.682466736078375,12.02969982457873,10.529734845174108,T9
7,7.869095955106873,9.135833230117024,9.569693480418202,9.810887557235487,12.544088781487401,12.672893016062957,10.139424816840302,7.801354131106292,7.691708364160711,9.48372723750587,T9
8,8.680636481098055,9.373633242838565,8.76095147166427,9.666170083678045,11.672989142147747,11.191022402018977,10.27580337153195,8.012084458001112,8.420480087826821,9.429884203511508,T9
9,10.759892273227841,9.506032124876784,8.631106176969531,10.079115339885353,10.552316916499292,9.802649652370352,9.576752890889843,8.684483306541175,10.50482351498937,9.9396459561203,T9
10,10.46109629225118,9.508550776084606,6.413725918024197,9.764518682862597,10.86984408770274,9.897283655054139,10.468874406555612,8.282113870106206,11.14382231385954,10.279073036635715,T9
11,10.092976705846478,9.966071005892868,5.842723937004783,9.336663089362402,10.661002910204358,9.259974383619051,10.859714767623244,8.157686017350152,10.283134901590222,9.22234853697869,T9
12,9.53636599306718,9.603925140261476,7.3177327231955145,9.781281737408923,11.778037975760736,11.330148982897768,10.237186032169953,8.041619908031866,9.799498778025075,9.404970858761002,T9
13,11.825995963146891,9.66712558459741,8.054425459916947,10.200915164367721,9.715431097262648,8.56592459960425,9.642829310006494,9.120204731851604,11.732291516836385,10.254324442577333,T9
14,11.246806883392566,9.528030834469986,7.690363668324723,10.032426580787194,10.108286529299344,9.014536014125841,9.901789813862456,8.792740412437233,11.376904234291718,10.358755871332136,T9
15,12.076464885795101,9.271340711527486,9.190777883963815,10.47965416179537,9.98446590368695,9.1700701158906,8.83013827471545,9.039398449353788,11.839620347494414,10.694582419454449,T9
16,9.512009486576495,9.009397325218448,8.17681458665928,9.982745134116751,11.521236189895449,11.020069048460096,10.267136296052362,8.167014611735675,10.079517680160215,10.688729833724803,T9
17,8.7612696662217,9.77017025103476,7.432488850461294,9.496333699474787,11.711288468169839,11.02828710283707,10.74750168336533,7.985196315924846,8.703325181147948,8.86975172985403,T9
18,11.243782694456936,9.313139249428248,7.740511534918048,10.164733050680814,10.470052321049586,9.607494350099488,9.728456221353401,8.668054662574919,11.636323956151895,10.703517085226947,T9
19,11.315336645922244,9.46993076430315,8.32692722750139,10.213368513620068,10.278951379770605,9.305368110488224,9.62332450074308,8.863152160082848,11.2841624538035,10.259738729457856,T9
0,10.124313296994423,9.461653159393485,9.785711723330643,9.819251912620505,9.812957992871246,8.560953630056874,9.929511325270726,8.852579764623378,9.188894767264243,9.84021370559255,T10
1,10.761895076415646,9.100787375589888,7.614343060655329,9.801049068805384,10.054923590251425,8.520550277187587,10.258624711461506,8.465867075369864,11.042954524986767,10.934148059258591,T10
2,11.307054047950174,9.384404433929843,6.078833794536299,9.712836008892682,9.96458601382264,8.248336924542313,10.519437604223567,8.451113402929664,11.992834534901277,10.825511004908963,T10
3,12.104119303468602,9.060101293713686,8.190163626990481,10.17602081038541,9.294034904030365,7.718534361707355,9.578413538485252,8.974769318077325,12.268425480919767,11.45309555756023,T10
4,12.343242576202718,9.066943767938112,10.57181342509417,10.399073641838584,8.400013533549629,6.803379763800262,8.982175529934208,9.58936100665958,11.485270600879101,11.324719012484408,T10
5,10.326130243963766,9.509240923200325,5.859730078631059,9.53096358899269,10.6935214036552,9.271719996636406,10.830785741029427,8.131770681219702,11.023909316237146,10.210599437301891,T10
6,11.668024508933241,9.238158253984704,6.13255358747189,9.901373219730747,10.10378591232667,8.580313327955825,10.194126983046015,8.45478574393743,12.544814313770123,11.145390558481807,T10
7,10.257437517732845,9.406532803700314,6.29820850764016,9.487360949277353,10.471021435490519,8.856740910179237,10.843588946762232,8.158845279389357,10.766226306623583,10.363590494065322,T10
8,9.908463918552583,9.476185320541912,7.89444448197742,9.591170194290164,10.402938990747858,9.073822251656146,10.475253824865376,8.38223196716206,9.727763444406312,9.92860748336519,T10
9,9.735283801959815,9.698875507686806,7.36364100495601,9.435966081841634,10.443692913192928,9.046547578771913,10.738766795595824,8.325725190291392,9.548477929304056,9.553333466636984,T10
10,10.940349511765803,9.551416656396436,8.151472131479569,9.888645409709799,9.947850158330546,8.67408602879298,9.949510607673231,8.764258730173305,10.691574110251391,10.111238638823092,T10
11,10.162588021243167,9.35725685299914,11.647925133081115,10.097710868198298,9.661452224691178,8.748843944549582,9.26473117432219,9.15461972927841,8.61969228549684,9.776415946063949,T10
12,10.752651114544085,9.562817308939787,5.934304464379826,9.560127968968919,10.21149051680617,8.582239433386896,10.77802355430902,8.344011626531756,11.339021492592687,10.323148392547015,T10
13,10.003865457080936,9.304698574276882,7.436254368572721,9.622202990532623,10.576756196242272,9.265940020667523,10.502678908427352,8.243607380956698,10.187020397851875,10.289807071023679,T10
14,11.368905917515095,9.205267362305277,4.751268596907829,9.71525378761503,10.68107394611925,9.12638828930142,10.615512712187872,8.02492336154477,12.825499408398356,11.219837492732502,T10
15,11.43957338647793,9.18261976342422,4.58789731721401,9.700699878050454,10.537318131496034,8.859481668377827,10.727357979429968,8.060771934950777,12.974760084194598,11.32409210688682,T10
16,10.09812859012298,9.250741144459841,12.179077069561375,10.042543595824146,9.224484335724487,8.00471064092146,9.38403616498933,9.278057797852583,8.328689323282163,9.986502468119642,T10
17,9.516504564060357,9.22398458327436,8.45445560551611,9.569170372296261,10.48331851116583,9.133207937061682,10.490429445799988,8.277341157346525,9.267534013611364,10.168709151012948,T10
18,9.91209468444316,9.294035228097755,11.916109217186811,9.972669314531247,9.388607668461306,8.195342056203659,9.493771324663951,9.172955384831361,8.199894721980296,9.83713550669399,T10
19,9.770822770475244,9.192292178083978,10.449461662787442,9.81423127778622,9.836353083257805,8.548841458622762,9.913598726489665,8.778777265063487,8.73629680202141,10.114653778007243,T10
0,10.138396545079011,9.722342185749843,14.085618940417252,10.099327625694803,8.484328712130178,7.300642271856246,8.9688819016902,9.875186526222462,7.123431780105411,9.000445709088373,T11
1,9.741271545013834,9.245587188701284,4.256686506325251,9.44570958681028,12.1593080146008,11.178621991105116,11.030079808188688,7.323689635655493,11.412204977908104,10.451572569499932,T11
2,10.076569835291734,9.591183841808633,3.542664388503523,9.317804312426123,11.589453076563748,10.255582197298203,11.4021905641055,7.56735637529052,11.72182906355896,10.180558602048789,T11
3,10.189935588401493,9.649694198101118,7.267697249748689,9.606559034116524,10.313221997054844,8.947297318699034,10.6028217497231,8.476373980001412,10.190364040825065,9.809567838807236,T11
4,10.054092243029446,9.496373525761857,8.715039270733435,9.684600676611446,10.017551798772589,8.640291377601624,10.297638828845603,8.649566297867022,9.520542597384138,9.892026343971748,T11
5,10.95048098653625,8.69651820788112,5.544122436196481,9.856671855883253,11.097127914714736,9.760466466530907,10.41671793046028,7.8244414738500385,12.559132939262659,11.795394957880319,T11
6,10.540979027660557,9.366935748218843,11.202679237116989,10.092577048198029,9.43910314628237,8.30854400966264,9.330993185620917,9.198710404608086,9.140344014089417,9.964716701793154,T11
7,10.109496305656895,9.214854148556459,9.024357798113996,9.808483413439763,10.219961157184036,8.987628131446808,10.034002782790973,8.546291391308827,9.712045280805318,10.313777786558605,T11
8,10.109396894177971,9.246586310935426,3.6613332847861644,9.422348896000733,11.738992439029467,10.429704634395907,11.300964355794521,7.4526067952720165,12.025325260792082,10.752287812232476,T11
9,9.986729095089286,9.581601666535335,9.427202325407777,9.76399540083781,10.110059849154684,8.990351902934867,9.956349307953305,8.722180719057192,9.101334563376607,9.554472787738971,T11
10,9.77754594775028,9.50488731107592,10.737489283768905,9.790789858460762,9.685760688852087,8.45028070000973,9.854041699284842,8.95764071322367,8.357764040016379,9.54866435278884,T11
11,9.962998126019942,9.74286603014829,8.401042916541474,9.65253943344221,10.221448613720865,9.018044026048946,10.331541100723836,8.637533246086637,9.400827618155178,9.416461730819913,T11
12,11.012540411549919,8.742935562525407,9.201628527512067,10.086878633500517,9.847703466280565,8.452626013496253,9.630477805941707,8.660262727471638,10.966010170758365,11.455205274890789,T11
13,11.154944438932622,9.272051613850518,2.4400905544613654,9.58470778299917,11.64125572489731,10.299309866244691,11.146614231250355,7.508426311653128,13.6565954369477,11.213012512278729,T11
14,11.436324503593973,9.198047090669546,7.909100288740493,9.945151441099839,9.640157786813964,8.052594146004449,9.92172342837386,8.738969308249443,11.522301702118721,10.992044614725533,T11
15,10.465221486116102,9.521155456208088,10.168147963630622,9.848275976432872,9.323114528634637,7.8803016888310164,9.824960086636375,9.085978889191749,9.268544765573573,9.88066684334221,T11
16,11.205547147067257,8.927044924399269,9.802384139994578,10.206636551177805,9.733496606976493,8.500331192076716,9.320111549794767,8.879352169267474,10.800445944726333,11.079818033382251,T11
17,11.025095739064056,8.915497566365328,8.097184185247722,9.995472178366343,10.177557961487219,8.839056616566184,9.847458258403243,8.480648750183096,11.32217203180356,11.243078628730059,T11
18,10.98945039339125,9.346808479732015,3.70455425861707,9.5490866070839,11.104995177097935,9.58765940803018,11.042127199135477,7.780865315981079,12.787360966002035,10.935227154283544,T11
19,10.79326864417767,9.675986988986809,12.688522665644882,10.04325578838087,8.110896758047035,6.524954581187583,9.298897073334967,9.877743039224082,8.376973858611548,9.582669165325575,T11
0,9.934952216999989,9.03582541334424,7.401044675293512,9.64625204546694,11.015019324283832,9.739060962789432,10.338278779293411,7.94015473096007,10.296235806266981,10.602096675556465,T12
1,10.727816227096916,9.746591114231082,4.251230167127625,9.284023250671678,10.282923859429985,8.391946548556982,11.334250201998678,8.10571087024367,11.768239847904082,10.194713178104669,T12
2,10.327133475877858,9.762745743374062,8.692579330872565,9.639942316856645,9.431454723511552,7.854027688212565,10.41618032011796,8.957660276382756,9.55709756037702,9.618158975792877,T12
3,10.839915234615576,9.173282020502592,6.546721191795072,9.533221284882542,9.951227346755084,8.082420390623184,10.534241126880358,8.235193979042757,11.288820415464274,10.91848756127658,T12
4,11.260345140893376,9.845628222235181,8.608651988966196,10.027922535385075,9.327354899351809,8.186744203480519,9.93412586377015,9.310647886469255,10.784943174758366,9.93997489026817,T12
5,11.400098148478232,9.02118868431441,8.550888384390474,10.14633326027445,10.036509702354829,8.917666802821042,9.462694708263165,8.684699683482325,11.501193731332755,11.188962390357538,T12
6,9.937425974832397,8.842335664319688,6.151183001655062,9.576749933798833,11.506179291185957,10.207447624240972,10.56189693523548,7.550494239990029,10.982136722086732,11.034107328675894,T12
7,10.01323412767803,10.37617631919835,8.953163725442135,9.704262533052672,9.334704960349423,8.173062690627233,10.663510365790875,9.429063596868188,8.944692162770803,8.636561715206165,T12
8,10.183526850084542,9.416816518074443,7.938803557051891,9.767388497578647,10.549855335810951,9.428287349584922,10.245284183188687,8.429878481262946,10.163293153512623,10.121112666775081,T12
9,10.715559255769847,9.74401857531727,8.595391789685712,9.873712659585909,9.439765978483134,8.133457687736897,10.283857802079188,9.150775343931306,10.257051028310112,9.946035432780647,T12
10,9.468097118328492,10.043983901642296,8.00444712052894,9.393034219101704,10.048210909791457,8.579831805936692,10.929007082251292,8.675091670119272,8.748787857702512,8.83283183747161,T12
11,11.370841278760565,9.120343939779023,4.371401777280189,9.733408087976953,11.028459922130565,9.68559620142583,10.506452616033485,7.832064482953535,13.095202986394355,11.377104428288968,T12
12,8.936704767117131,9.438580739068334,7.816400905987862,9.183039829672621,10.460366080509132,8.710677129837741,11.071231056910745,8.065298188250434,8.52992903922549,9.599196773823763,T12
13,11.527896255700739,9.473349585760158,6.464412257089539,9.962851113172725,10.288290251539149,9.145169872853321,10.027645819663038,8.55880448261096,12.19912093201374,10.696787605281031,T12
14,11.42098020735729,9.58970809204664,6.488668632029833,9.724492296159232,9.82530828553113,8.253761564922968,10.243528418127381,8.582164644556395,11.735276063971638,10.42587692718508,T12
15,10.735216453006803,9.347899622831228,10.085173234839013,10.123631563113412,10.083278078164001,9.281062672709943,9.222091182661119,8.877402374246769,9.909298200686935,10.141625823275678,T12
16,10.12517347954042,9.737569398605821,5.537744166876882,9.35252769529215,10.40745291770525,8.715924834276462,11.27310425991755,8.227755248358374,10.713856020820943,9.879869102860296,T12
17,11.602486412063127,10.642874167814488,11.096078587490464,10.359018229444747,7.990436763296016,7.0959515019355415,9.60066152474289,10.62159069282946,9.74066628113868,8.717928551289942,T12
18,12.47702213677072,10.332714322261472,9.35517507585297,10.447605785207967,8.49351655860222,7.642448296474539,9.327281847172307,10.168678251206707,11.579530498874007,9.587210220612766,T12
19,10.767400198986557,9.610536010844445,10.41063355157778,10.164454635192124,9.524015691068195,8.635239864463102,9.505332698710669,9.33342322387713,9.737404076475496,9.915686731716622,T12
0,9.76834033002948,8.475798162623295,10.13228139031987,9.746052815648843,10.379399029793879,8.837284972231918,9.817141132691388,8.205815773612658,9.125064257607512,11.006195627520583,T13
1,10.460231872754871,9.360651930104178,8.457736179631027,9.725827150450648,9.502874037992001,7.945842858701828,10.478831678013446,8.866186430647259,10.2086648911463,10.563327965920987,T13
2,10.248323403155817,8.69003890090969,9.233338513597735,9.879413250514403,10.553627087101502,9.184159558820157,9.795114846081876,8.258420399485253,10.012100106457337,10.966006967006296,T13
3,9.369425428273853,8.527388230914164,10.596504049051106,9.517009177717528,9.900061482228065,8.010829451057829,10.097718667913217,8.27738827487243,8.307719450461617,10.830842223410185,T13
4,10.294262948843366,9.017910516200384,8.262310275312755,9.749304922527477,10.344112997250788,8.772886454256925,10.289051705294606,8.350061853221444,10.270609217644004,10.732160044402402,T13
5,9.594510675123162,9.039347532804442,10.51854673463303,9.534203577114477,9.035340565039657,7.135749809279944,10.466027709667527,8.889236606783212,8.442483288159105,10.625928170303595,T13
6,9.473057098630438,8.437620588060957,10.537858932598759,9.622165390573377,10.021769343153252,7.943396013840782,10.153781448294298,8.235884879170198,8.586857322733692,11.021620675797454,T13
7,10.330359635552833,9.554502256341229,6.609838218643988,9.437595141713924,9.806383865635759,8.037859854378276,11.05863275804334,8.527215819584574,10.59114230160736,10.319589890522833,T13
8,10.216368987048831,8.532416658419086,9.123575165228,9.726258132150363,10.348366317505663,8.622039579021195,9.880925426287275,8.123109289648843,9.905458651926393,11.055596564425775,T13
9,8.717952242709998,8.49102958486185,12.577136490827527,9.444519733954365,8.950278772145793,6.429926415603713,10.480153207494446,8.6981969885822,6.848411508755337,10.893303634528603,T13
10,11.132880911046318,10.061462929888826,7.0274041816130595,9.925700497130983,9.56159142302949,8.661333913489441,10.565432962265788,9.254958116098802,11.446529856934783,10.217238814286778,T13
11,9.643459563495812,9.26708116611419,9.502107209949484,9.547986257796433,9.343187563584031,7.375563085329334,10.82825736905618,8.817697651303932,8.921041977305045,10.500614117076882,T13
12,10.417287154504242,9.154409770868714,9.344443915292345,9.835250087468394,9.564204864187625,8.135120064096267,10.124057735397674,8.863810582278303,9.94350802604085,10.738343287880758,T13
13,11.688536736461291,9.870524443723076,7.732299658457761,10.23292916599412,9.83615867154024,9.546041191586914,9.646885754118028,9.300829798082683,11.894125294179902,10.369947815919614,T13
14,9.0749632710271,8.823656887703127,12.858442717812329,9.712819491821904,8.908048960924642,6.989454101096896,10.189243994215428,9.098375797984662,7.2057497002558595,10.754711821103738,T13
15,8.516769762302314,9.027532437644773,13.029198727735796,9.377273731208406,8.217436112707388,5.932495094866918,10.7846656731645,9.278993240008905,6.264881321496508,10.462384862989532,T13
16,11.341710806523366,9.937164135724794,7.166686273584127,10.008680923375941,9.606324602120543,8.770702343835868,10.314745885367484,9.230001274330816,11.669555841833699,10.360042216192952,T13
17,9.439784596370927,8.588118800223336,9.574017688685315,9.377748881384175,9.834616852343398,7.697523817519422,10.43562347089116,8.154500359059835,8.709540899944772,10.880137297314333,T13
18,8.775711489879468,8.532702334162408,11.432990316787272,9.405993459757982,9.515024099938064,7.246686428517496,10.527596308712239,8.42166162719659,7.374129313370271,10.831023617946895,T13
19,10.111223212173064,9.62915770733799,7.819815088421111,9.442400144440992,9.329800541234583,7.668545045223667,10.945065812464803,8.843351664691788,9.833331889679874,10.219368557200122,T13
0,13.31327790717651,9.734664298041777,5.566858931703157,10.62107972238874,10.229332507184965,10.220404001818434,9.02407156693101,9.115392347611628,14.708067361382355,10.967418562885833,T14
1,10.023060090074464,8.960418323783223,10.407618598203015,9.715705853812112,9.43159755980877,7.5573022723415715,10.161956282880775,8.790083591307225,8.992816629558146,10.688570901711723,T14
2,9.65219598432918,9.053334682308343,12.595924458525257,10.051150605533755,9.0821598202689,7.806239077400397,9.837121312108865,9.369858414912342,8.131905490857731,10.816305779569818,T14
3,10.630451426921772,8.846859739390105,8.61527002911172,9.78853693260107,10.080591371082793,8.694975519283725,9.865764826028832,8.436395649695344,10.453527068617088,10.91223715637115,T14
4,10.64013871764165,8.987261900222116,9.370596517776573,9.790530901983827,9.331464390794332,7.767550213686257,9.960271248248022,8.827045680673383,10.10298484877932,10.917285906007542,T14
5,11.603860078240345,9.63437819531362,7.142801939859135,10.159796173259599,9.914207206369356,8.896947998589514,10.036560817262437,8.997970887682104,12.119029258283524,10.602977129079786,T14
6,9.687317675423536,9.05837265713231,11.920377975271446,9.918752200125393,9.070112952633155,7.57009433254568,10.032573969201087,9.229720881647975,8.315913209175402,10.775453475618418,T14
7,12.246939326457772,9.719741111515376,8.141456222381635,10.431543438437009,9.424744260473899,9.033604496645735,9.292246778826177,9.478523040747914,12.463235138507974,10.802505812359303,T14
8,11.2827610078334,9.117120910725086,5.92997295359282,9.59643528153186,10.177507225206838,8.22084150346619,10.411738002795914,8.158985537574353,11.86580937559304,10.671199880007814,T14
9,13.41490874306584,9.62272763642497,6.581121856261487,10.677169542899904,9.927598840024473,9.836339938181819,8.754193686976453,9.278442345594083,14.375244292441334,11.052845873901738,T14
10,12.980854464979474,9.472075584839125,5.214647748279075,10.27023505757074,10.292643567479303,9.684599260684799,9.310159378554218,8.70425489640041,14.227767770947205,10.916406542310463,T14
11,10.382819726525607,8.972072701002979,8.398907795477214,9.507243865295214,9.618759173430048,7.756288346761192,10.303843073388492,8.444173573975023,9.996537203851357,10.72221255801369,T14
12,9.99096809808211,8.885327050723982,8.689797977946299,9.392888320367806,9.515760634272176,7.039187843265862,10.721818792211064,8.36677857953938,9.426364407648679,10.66403887221926,T14
13,11.627741108932758,9.576678040564142,7.821319752630331,10.167194429608543,9.620085890528337,8.643933845464913,9.846769617263977,9.133346320438774,11.850768793977165,10.690854721669515,T14
14,9.344550835067183,9.145207524819089,9.46895100507657,9.430241851200995,9.495124247752418,7.571565690048699,10.83609314393615,8.625236998665056,8.603245357174128,10.47107486712465,T14
15,11.949072640042836,9.519493672279838,6.124144594330645,9.931620481592633,9.956700466610467,8.83667128884599,9.915490988952596,8.693963858205242,12.590778831504402,10.622258176764095,T14
16,10.915839463954608,9.32131904375049,5.677964964573151,9.449906880033106,10.127325897278881,8.211299692891757,10.743656478566887,8.181770606522836,11.490891170282698,10.437099332941209,T14
17,12.734183178808376,10.099390473270711,8.256655678090766,10.767028158758832,9.102364992356991,8.99426853077184,9.236930635691856,10.005812205681009,13.108580528354539,10.780948988168404,T14
18,11.501770339753476,9.271031834861173,8.590291479196546,10.060594108639142,9.42323898880697,8.421111295302621,9.557344627203763,9.044305247674238,11.367394758236099,10.917076079479134,T14
19,12.113871102518704,9.50908946152435,9.33912985683342,10.577362744480943,9.263504899450137,8.266593596199364,9.368111297299373,9.571963589956134,11.996524844345549,10.955854841970496,T14
0,10.406424790635947,10.196849727408381,8.001020172947129,9.236130627482876,9.95615157848801,8.63419593992516,10.844773670491076,8.891659219951775,9.66451507892123,10.27273262328242,T15
1,13.638587776019193,11.135976364885046,9.987176760016153,10.877083906413562,9.250136294573029,10.345396325851981,9.09408474435127,11.452880469288985,12.590725235913453,9.802634613970584,T15
2,11.24585412404387,11.991096535461935,11.317426027720362,10.376045090104657,7.929465728192502,9.269339091634833,10.566280695602876,12.177529211140225,9.545853342517775,8.958864061357636,T15
3,11.368869689487047,10.712119851885994,9.490034417416988,9.613087285082077,9.59427248459916,8.935502648492633,10.028064519180644,9.49692442626766,10.135988907843617,10.908098309887961,T15
4,12.530229280374504,9.857581514409391,10.274460924444675,10.85756506247806,10.612080009936324,9.562575446291335,9.692940745992738,10.165146995542718,11.422313605878326,9.279953790012057,T15
5,10.425301033705185,11.010837426919236,9.955677467272634,9.595128022874022,9.208279470561964,9.209968571971524,10.330619758047167,9.87829022503726,9.150709472003665,10.358236841409433,T15
6,10.156390717724884,9.847465045877252,6.829571422431643,9.569441453603957,10.522297131009735,8.99691953479957,11.101648059925587,8.668740819271429,10.324024450330603,9.572733770881342,T15
7,5.156886886732415,8.208605512591632,11.330595998348278,9.721262862712042,9.031891087304812,10.27014312743462,10.640471209375583,8.895432826911183,5.2478163841877254,9.001754679602321,T15
8,15.923886350476664,11.36064253605975,7.751637107907609,11.060909994578111,11.412344374146734,9.182142834742853,9.550826456791777,10.441237769442044,14.646302352520669,8.642895136300034,T15
9,7.758539078909658,8.234530722754952,11.62615599835647,10.012292806501058,10.15422001266919,10.420434856409523,9.778729213709381,8.544820944129574,7.473769483096686,10.871275796372055,T15
10,5.716852277838946,7.9482584209130245,10.487025670624483,9.068911803739104,10.120021399922688,10.215974023112835,10.80057130271535,7.6896962496167145,5.733678651878124,11.030811218696364,T15
11,11.531371626026338,12.093829531222372,9.808509334957089,10.127932904856836,9.225908239910513,10.288751084187261,10.670715013240132,11.316603453303653,10.332162048375022,9.734135573741622,T15
12,10.541950252405487,9.883957482338246,10.129034823225949,10.397946477658094,10.397805069737112,10.09365930061503,10.064812944506635,9.667301688855124,9.884764695731956,9.664595693852904,T15
13,6.934086888428137,9.013343692521936,10.849162537811509,10.239528065087566,10.18044311163333,11.587419944248975,11.076358575844113,9.788733773887232,7.063523638807897,8.987525019525744,T15
14,9.308866493852427,9.673625500729495,5.574998290940642,8.862329013577918,10.735924859747234,8.401118889812224,11.738981039003132,7.767338577066679,9.6169540413289,9.7816349308587,T15
15,11.47321711586506,11.51559137899168,11.269508902336431,10.096570471508546,8.691659238885158,10.037427876796848,10.265061320644815,11.503970453349257,9.784710589144387,10.375760245121292,T15
16,13.005967056720959,10.979892596197246,9.63773571202589,11.235475685242836,10.753510713868184,10.64060130515789,9.790408174015194,10.899486534749743,12.24065716734503,8.591194943436001,T15
17,5.83930778690485,8.004295192959681,12.299730160710181,9.26028450869982,9.249086533735683,8.586276740243928,10.983468175400118,8.379806697576493,4.876861731964705,10.373391767691492,T15
18,10.401429347040605,10.887311497459574,8.574338286691145,10.206816549024953,10.256270732871723,10.724024283218583,10.534373093563147,10.024759149464815,10.110888028008127,8.879746889010637,T15
19,11.369523664089883,10.321933514858387,8.07388334351624,10.455133087960695,11.243427488939098,10.65600482617806,10.324381092080351,9.507522592742903,11.244471916849339,9.02423887745293,T15
0,10.261345546025591,11.986082470867522,10.21046698171719,10.788502813933992,9.862562731612588,9.946532744154903,12.07924005847206,11.372829319093814,9.494358957343982,8.816487866900417,T16
1,10.121568654863246,9.452220958687242,11.077319380485113,10.962156093841012,8.304257649036677,11.018645716400748,8.182491040535272,10.888027628787606,10.88860733222818,9.890732761806893,T16
2,10.934698891969951,9.971576681032753,10.36592553257093,11.241717624623297,8.968459509368776,11.413359975940143,8.226998337371262,10.834738287268102,12.123113471960696,10.26752829206428,T16
3,10.27412186012909,10.81155688319381,9.267264875294448,10.100330091704523,9.799792739639246,10.862230279524331,10.496988156319189,10.521570446453223,9.689497275151282,8.884593219835931,T16
4,10.263342672247129,10.412571496644047,10.710160155416007,11.387029403477335,9.429672522890007,12.37854278836489,9.544892535376894,11.403630349847447,10.32822272555834,8.537747177649594,T16
5,11.03707574919292,9.282090864363836,13.476554027764475,10.943724868830524,9.272644275246893,7.916507554898052,8.889230127140225,10.239910008728785,9.807051195508521,9.932510293060467,T16
6,10.90656732892803,10.266020921478313,9.236062535783004,10.066485495074176,10.133214191907513,7.799528510647766,10.784271268655207,9.612854262028655,10.020133544261942,8.61276720443135,T16
7,9.574868069597557,12.209328074438318,10.721406913536812,12.326156156769366,8.68526495226971,11.469215020157122,10.566473139599346,12.623246835081064,10.74834489681952,7.208224462238569,T16
8,10.225134453994414,10.412617442213815,13.742178296969307,12.529113444317789,8.44789613256453,12.66419752154481,7.486111094953898,12.235262189294605,11.376092469642293,9.572367015617488,T16
9,11.227187650969404,9.690438031781882,9.079889478313753,10.471865261146341,10.44278439119378,7.617170231476145,9.642536999093636,8.785139212182587,11.0333068518182,8.90932861848444,T16
10,10.10403786963882,10.471389508418564,9.827159573084773,11.070795962889148,9.017048390309384,11.083074138403708,9.215947686929375,10.890752582392365,11.05832006648673,9.01116356736456,T16
11,10.385992262220176,11.573528322098616,11.842675376782356,11.162138218748026,10.019438158142334,10.030810812706157,11.590040248572269,11.408645492481726,9.006979921439763,8.745101090206626,T16
12,10.489541175480488,10.904627821287125,11.612751779657442,10.428015760626868,8.74019667245692,11.256048349626603,9.943435571029422,11.646306487124335,9.476590562272488,9.955340142688762,T16
13,10.104584328625672,9.143726668895699,11.46878253855847,12.922258906696028,7.440302064269701,11.814718173782817,6.739909112357215,11.89415779711773,13.221550617174543,8.877698669449922,T16
14,10.914367694680664,11.152940267948903,8.730557144391792,10.34353351697666,9.926852816815359,9.99236728414503,10.438686027220498,10.28537927202461,10.940449239298877,9.443231487122269,T16
15,11.352878257604841,10.475477709924615,7.83353706388119,10.663677520378755,9.40541184387263,14.477664438635053,8.236565244398077,10.729524312876345,12.692771024496924,10.960289587098154,T16
16,11.056761639173281,7.985038352972973,8.851033198053504,11.364015825490526,9.363864246181937,13.057357800936849,6.290763527474974,9.400708821040249,13.217827308994,10.599997309192101,T16
17,10.8741372776819,10.002452631937949,11.334742225102627,11.607572676168827,10.193641780349012,8.751155152998393,9.694022212154128,10.104695100832108,11.033499065202419,9.092562172706858,T16
18,9.74771139930072,10.32045832268455,13.343478739414575,12.109366287398029,7.25829327818435,12.489714234687389,8.744307852719054,13.253889257414144,10.399491691281531,9.157068856586474,T16
19,10.097376500108775,10.459202575579212,11.726480203690446,10.59104784755165,9.09428541817766,8.848028496042328,11.450997216140491,11.271549599283253,8.526761686509705,8.732286443178808,T16
